Year,Month,Grid HT (kWh),Grid Commercial (kWh),Grid Temporary (kWh),Renewable On Campus (kWh),Procured Renewable (kWh),Solar Water Heater(same for all month)
2025,January,165836,774,0,1258,120630,62500
2025,February,194516,862,0,20682,146834,62500
2025,March,261397,1119,0,21773,164426,62500
2025,April,139071,1140,0,20821,227431,62500
2025,May,1321,1001,0,17808,333716,62500
2025,June,690,983,248,17616,239545,62500
2025,July,5934,1128,428,18474,339668,62500
2025,August,1347,1094,416,17886,337073,62500
2025,September,22965,1027,389,17697,338087,62500
2025,October,76958,1000,346,16024,268102,62500
2025,November,105958,963,331,12669,228794,62500
2025,December,46972,899,293,15101,262168,62500
2026,January,45208,905,329,15950,241602,62500
2026,February,51465,1002,300,17459,281269,62500
2026,March,52295,1274,296,21779,334071,62500
2026,April,47362,1150,236,19556,344560,62500
2026,May,43460,1537,318,18641,322091,62500
2026,June,18565,1197,266,16232,227978,62500
