Green Cover Summary,,,,,,,,,,,,,,
Metric,Value,Unit,,,,,,,,,,,,
Total trees,2703,count,,,,,,,,,,,,
Total tree species identified,54,count,,,,,,,,,,,,
Species profiled with full identification and phenology in source,7,count,,,,,,,,,,,,
Species named across zone species lists (subset of the 54 total),29,count,,,,,,,,,,,,
Campus area,150,acres,,,,,,,,,,,,
Total green cover,70,%,,,,,,,,,,,,
Maintained vegetation ,56,acres,,,,,,,,,,,,
Natural vegetation,50,acres,,,,,,,,,,,,
,,,,,,,,,,,,,,
Zone-wise Tree and Species Distribution,,,,,,,,,,,,,,
Zone,Trees,Species,,,,,,,,,,,,
"Mahalingam Vigyan Bhavan, Jyothi Nilayam",491,15,,,,,,,,,,,,
"Vallalar Maiyam, Mens Hostel",465,12,,,,,,,,,,,,
"Sharada Maiyam, Womens Hostel",290,14,,,,,,,,,,,,
Arumugam Students Centre and Nursery,197,11,,,,,,,,,,,,
Ground,197,11,,,,,,,,,,,,
Academic Block,132,11,,,,,,,,,,,,
Avenue Trees,853,18,,,,,,,,,,,,
,,,,,,,,,,,,,,
Species List,,,,,,,,,,,,,,
Scientific Name,Common Name,,,,,,,,,,,,,
Azadirachta indica,Neem,,,,,,,,,,,,,
Mimusops elengi,Mahizham,,,,,,,,,,,,,
Couroupita guianensis,Cannon ball Tree,,,,,,,,,,,,,
Prunus dulcis,Badam,,,,,,,,,,,,,
Cassia fistula,Golden shower,,,,,,,,,,,,,
Albizia lebbeck,Vaagai,,,,,,,,,,,,,
Callistemon citrinus,Bottle brush,,,,,,,,,,,,,
Delonix regia,Mayflower,,,,,,,,,,,,,
Peltophorum pterocarpum,Copperpod,,,,,,,,,,,,,
Syzygium cumini,Java plum,,,,,,,,,,,,,
Polyalthia longifolia,Mast Tree,,,,,,,,,,,,,
Holoptelea integrifolia,Aaya maram,,,,,,,,,,,,,
Swietenia macrophylla,Mahagony,,,,,,,,,,,,,
Ficus benjamina,Weeping Fig,,,,,,,,,,,,,
Bauhinia variegata,Bauhinia,,,,,,,,,,,,,
Plumeria sp.,Temple tree,,,,,,,,,,,,,
Pongamia pinnata,Pungan,,,,,,,,,,,,,
Ficus benghalensis,Banyan,,,,,,,,,,,,,
Phyllanthus acidus,Gooseberry,,,,,,,,,,,,,
Manilkara zapota,Sapota,,,,,,,,,,,,,
Mangifera indica,Mango,,,,,,,,,,,,,
Roystonea regia,Ornamental palm,,,,,,,,,,,,,
Albizia saman,Raintree,,,,,,,,,,,,,
Senna siamea,Yellow Cassia,,,,,,,,,,,,,
Casuarina equisetifolia,Australian Pine tree,,,,,,,,,,,,,
Tectona grandis,Teak,,,,,,,,,,,,,
Ficus religiosa,Peepal,,,,,,,,,,,,,
Thespesia populnea,Portia tree,,,,,,,,,,,,,
Tamarindus indica,Tamarind,,,,,,,,,,,,,
,,,,,,,,,,,,,,
Species Phenology (Flowering and Fruiting Calendar),,,,,,,,,,,,,,
Species,Common Name,Event,Jan,Feb,Mar,Apr,May,Jun,Jul,Aug,Sep,Oct,Nov,Dec
Azadirachta indica,Neem,Flowering,,1,1,1,,,,,,,,
Azadirachta indica,Neem,Fruiting,,,,,,1,1,1,,,,
Delonix regia,Mayflower,Leaf flush,,1,1,,,,,,,,,
Delonix regia,Mayflower,Flowering,,,,1,1,1,,,,,,
Delonix regia,Mayflower,Fruiting,,,,,1,1,1,,,,,
Senna siamea,Yellow Cassia,Flowering,,,1,1,1,,,,,,,
Senna siamea,Yellow Cassia,Fruiting,,,1,1,1,,,,,,,
Ficus benghalensis,Banyan,Leaf flush,,,1,1,,,,,,,,
Ficus benghalensis,Banyan,Flowering,,,1,1,,,,,,,,
Ficus benghalensis,Banyan,Fruiting,,,1,1,1,,,,,,,
Couroupita guianensis,Cannon ball Tree,Flowering,1,1,1,1,1,1,1,1,1,1,1,1
Couroupita guianensis,Cannon ball Tree,Fruiting,,,,,,1,1,1,,,,
Mimusops elengi,Mahizham,Leaf flush,1,,,,,,,,,,,1
Mimusops elengi,Mahizham,Flowering,,,,1,,,,,,,,
Mimusops elengi,Mahizham,Fruiting,,,,,,1,,,,,,
Tamarindus indica,Tamarind,Flowering,,,,1,1,1,,,,,,
Tamarindus indica,Tamarind,Fruiting,,1,1,1,,,,,,,,
