Overall Metrix,,
Metric,Count / Reported Figure,
,2025,2026
Number of Outreach Programs / Events,20+,20+
Volunteers engaged,600+,337+
Volunteering hours,9025+,11375+
Experts involved,50+,20+
Total participants / reach,4000+,1951+
Partner organizations / collaborations,30+ ,25+
Saplings / seedlings,30278+,400+
,,
Thematic Areas,,
Category,No. of programmes,
,2025,2026
Climate Smart Agriculture,1,3
Climate Change,3,1
Afforestation,2,2
Water Conservation,1,3
Waste Management,2,3
Biodiversity Conservation,6,6
HWC,2,1
Livelihood Development,2,1
Campus Sustainability,1,4
,,
Category wise mapping,,
Audience category,Approx. reach,
,2025,2026
School Students,760+,3
College Students,"1,828+",15
Farmers / Agriculture Participants,80+,2
Industrial Experts,40+,
Researchers / Experts,30+,8
Government,102+,
Entrepreneurs / Startup Founders,,1
Community / General Participants,,2
International / Exchange Participants,,1
