Waste Inventory,,
Item,Quantity (Kg),
year,2025,2026
Colour Paper,"4,982.30",21174.1
White Paper,"8,299.75",5178.07
Iron,"6,356.45",7726.75
Lite Weight,"2,708.55",20226.25
Cardboard,"5,143.95",1669.6
Coconut Shell,"1,604.70",
PP Cardboards,"6,073.90",7759.33
Plastic (Mixed Plastics),"1,951.45",3539.8
Stainless Steel,516.25,
PVC Pipe,953.23,
Black Plastic (PP),1931.22,5033.5
PET,812,1116.5
Aluminium,256.4,838.4
E WASTE  ,1400,
HDPE,,806.9
LDPE,409.3,784.1
News Paper,"2,048.20",719.1
Tyre,322.9,18.2
Unclassified,2992,
,,
Total,"48,762.55",76590.6
,,
,2025,2026
Total waste Approximate ,55339.55,79590.6
Wet Waste Generated ,6577,3000
Dry waste Generared ,"48,762.55",76590.6
