Water Consumption 2025,,,,
Total water recycled,169404,,,
Month,Water Consumption (KL),,,
Jan,3207,,,
Feb,3876,,,
Mar,3297,,,
Apr,4199,,,
May,2748,,,
Jun,2762,,,
Jul,3256,,,
Aug,3175,,,
Sep,3511,,,
Oct,5077,,,
Nov,3203,,,
Dec,1524,,,
Total,39835,,,
,,,,
TWAD Consumption KL,Borewell Consumption (KL):,Total Consumption,,
39708,156000,195708,,
,,,,
Water Consumption 2026,,,,
,,,,
Total Water Recyled ,47256,,,
Month,TWAD Consumption KL,Borewell Consumption (KL):,Quantity of Water Procured KL,Total Consumption
January,3157,17050,8,20215
February,3410,18876,46,22332
March,3558,17050,0,20608
April,3568,16500,108,20176
May,3136,17050,0,20186
June,2888,16500,0,19388

