Month,Grid HT (kWh),Grid Commercial (kWh),Grid Temporary (kWh),Total Grid Consumption,Renewable On Campus (kWh),Procured Renewable (kWh),Solar Water Heater(same for all month),Total ,,Solar Water Heater(same for all month)
2025,,,,,,,,,,
January,155222,1023,0,156245,1258,120630,,556266,,62500
February,194516,862,0,195378,20682,146834,,362894,,62500
March,261397,1119,0,262516,21773,164426,,448715,,62500
April,139071,1140,0,140211,20821,227431,,388463,,62500
May,1321,1001,0,2322,17808,333716,,353846,,62500
June,690,1023,0,1713,17616,239545,,258874,,62500
July,5934,1128,428,7490,18474,339668,,365632,,62500
August,424410,1094,416,425920,17886,337073,,780879,,62500
September,450216,1027,389,451632,17697,338087,,807416,,62500
October,76958,1000,346,78304,16024,268102,,362430,,62500
November,105958,963,331,107252,12669,228794,,348715,,62500
December,46972,899,293,48164,15101,262168,,325433,,62500
2026,,,,,,,,,,
January,45208,905,329,46442,15950,241602,,303994,,
February,51465,1002,300,52767,17459,281269,,351495,,
March,52295,1274,296,53865,21779,334071,,409715,,
April,47362,1150,236,48748,19556,344560,,412864,,
May,43460,1537,318,45315,18641,322091,,386047,,
June,18565,1197,266,20028,16232,227978,,264238,,
