Diesel,,,,Petrol,,
year,month,consumption_litre,,year,month,consumption_litre
2025,Jan,9757,,2025,Jan,746
2025,Feb,7230,,2025,Feb,483.5
2025,Mar,9063,,2025,Mar,493
2025,Apr,5771,,2025,Apr,252
2025,May,6435,,2025,May,440
2025,Jun,9184,,2025,Jun,414
2025,Jul,8955,,2025,Jul,853
2025,Aug,9184,,2025,Aug,908
2025,Sep,8588,,2025,Sep,1123
2025,Oct,15060,,2025,Oct,976.22
2025,Nov,13629,,2025,Nov,1124.6
2025,Dec,14224,,2025,Dec,1140.79
2026,Jan,9000,,2026,Jan,585.66
2026,Feb,8600,,2026,Feb,520
2026,Mar,9200,,2026,Mar,540
2026,Apr,8774.6,,2026,Apr,508.38
