year,month,connection_type,consumption_kwh
2025,Jan,HT,155222
2025,Jan,Commercial,1023
2025,Jan,Temporary,0
2025,Feb,HT,194516
2025,Feb,Commercial,862
2025,Feb,Temporary,0
2025,Mar,HT,261397
2025,Mar,Commercial,1119
2025,Mar,Temporary,0
2025,Apr,HT,139071
2025,Apr,Commercial,1140
2025,Apr,Temporary,0
2025,May,HT,1321
2025,May,Commercial,1001
2025,May,Temporary,0
2025,Jun,HT,690
2025,Jun,Commercial,1023
2025,Jun,Temporary,0
2025,Jul,HT,5934
2025,Jul,Commercial,1128
2025,Jul,Temporary,428
2025,Aug,HT,424410
2025,Aug,Commercial,1094
2025,Aug,Temporary,416
2025,Sep,HT,450216
2025,Sep,Commercial,1027
2025,Sep,Temporary,389
2025,Oct,HT,76958
2025,Oct,Commercial,1000
2025,Oct,Temporary,346
2025,Nov,HT,105958
2025,Nov,Commercial,963
2025,Nov,Temporary,331
2025,Dec,HT,46972
2025,Dec,Commercial,899
2025,Dec,Temporary,293
2026,Jan,HT,45208
2026,Jan,Commercial,3100
2026,Jan,Temporary,0
2026,Feb,HT,49822
2026,Feb,Commercial,3042
2026,Feb,Temporary,0
2026,Mar,HT,53200
2026,Mar,Commercial,3200
2026,Mar,Temporary,0
2026,Apr,HT,52065
2026,Apr,Commercial,3185
2026,Apr,Temporary,0
