year,month,fuel_type,consumption_litre
2025,Jan,petrol,746
2025,Jan,diesel,9757
2025,Feb,petrol,483.5
2025,Feb,diesel,7230
2025,Mar,petrol,493
2025,Mar,diesel,9063
2025,Apr,petrol,252
2025,Apr,diesel,5771
2025,May,petrol,440
2025,May,diesel,6435
2025,Jun,petrol,414
2025,Jun,diesel,9184
2025,Jul,petrol,853
2025,Jul,diesel,8955
2025,Aug,petrol,908
2025,Aug,diesel,9184
2025,Sep,petrol,1123
2025,Sep,diesel,8588
2025,Oct,petrol,976.22
2025,Oct,diesel,15060
2025,Nov,petrol,1124.6
2025,Nov,diesel,13629
2025,Dec,petrol,1140.79
2025,Dec,diesel,14224
2026,Jan,petrol,585.66
2026,Jan,diesel,9000
2026,Feb,petrol,520
2026,Feb,diesel,8600
2026,Mar,petrol,540
2026,Mar,diesel,9200
2026,Apr,petrol,508.38
2026,Apr,diesel,8774.6
