Coverage,2026-01-01 to 2026-08-17 (cumulative year to date - till August 17 2026; not monthly)
Summary,
Metric,Reported figure
,2026
Outreach Programs / Events,20+
Volunteers Engaged,364+
Volunteering Hours,"1,649+"
Experts Involved,34+
Total Participants / Reach,"2,009+"
Partner Organizations / Collaborations,25+
Saplings / Seedlings,400+
,
Thematic Counts,
Category,Count
,2026
Biodiversity Conservation,6
Campus Sustainability,4
Climate Smart Agriculture,3
Water Conservation,3
Waste Management,3
Afforestation,2
Climate Change,1
Human-Wildlife Conflict,1
Livelihood Development,1
,
Audience Counts,
Audience category,Count
,2026
School Students,3
College Students,15
Farmers / Agriculture,2
Government / Forest,0
Media / Press,0
Researchers / Experts,8
Entrepreneurs / Startup,1
Community / General,2
International / Exchange,1
Alumni,0
